"","Term","Info1","Info2","Freq"
"1069","Tonight","名詞","一般",11
"2260","HBO","名詞","固有名詞",11
"912","RAPPER","名詞","一般",8
"1076","Trailers","名詞","一般",5
"2133","Dude","名詞","固有名詞",5
"2290","Honest","名詞","固有名詞",5
"2826","Theory","名詞","固有名詞",5
"517","Controversy","名詞","一般",4
"638","Giuliani","名詞","一般",4
"695","Indiana","名詞","一般",4
"827","Nguội","名詞","一般",4
"867","Pacers","名詞","一般",4
"882","Phường","名詞","一般",4
"1942","Avail","名詞","固有名詞",4
"1982","Bepannah","名詞","固有名詞",4
"2039","Chainsmokers","名詞","固有名詞",4
"2175","FAPtv","名詞","固有名詞",4
"2182","FNAF","名詞","固有名詞",4
"2437","Loa","名詞","固有名詞",4
"2674","Rudy","名詞","固有名詞",4
"3020","エイブル","名詞","固有名詞",4
"503","Closer","名詞","一般",3
"548","Deal","名詞","一般",3
"568","Dubbed","名詞","一般",3
"622","Fries","名詞","一般",3
"630","Gambino","名詞","一般",3
"665","Hindi","名詞","一般",3
"754","Lovato","名詞","一般",3
"866","POSTER","名詞","一般",3
"925","Released","名詞","一般",3
"965","Scandal","名詞","一般",3
"1018","Straight","名詞","一般",3
"1036","TRỌ","名詞","一般",3
"1068","Toast","名詞","一般",3
"1080","Tricks","名詞","一般",3
"1088","TÙNG","名詞","一般",3
"1148","XÓM","名詞","一般",3
"1262","Đây","名詞","一般",3
"1823","$100","名詞","固有名詞",3
"1945","Avicii","名詞","固有名詞",3
"2118","Demi","名詞","固有名詞",3
"2129","Drake","名詞","固有名詞",3
"2250","God","名詞","固有名詞",3
"2295","Huge","名詞","固有名詞",3
"2319","Incredibles","名詞","固有名詞",3
"2320","Indonesian","名詞","固有名詞",3
"2328","Iran","名詞","固有名詞",3
"2396","LAUGH","名詞","固有名詞",3
"2570","PAUL","名詞","固有名詞",3
"2703","SQUARE","名詞","固有名詞",3
"2704","SQUARE","名詞","固有名詞",1
"2772","SƠN","名詞","固有名詞",3
"2872","Vape","名詞","固有名詞",3
"3142","感想文","名詞","固有名詞",3
"307","宣","名詞","サ変接続",2
"360","精勤","名詞","サ変接続",2
"376","連射","名詞","サ変接続",2
"418","Australian","名詞","一般",2
"490","Changed","名詞","一般",2
"493","Cheesesteak","名詞","一般",2
"506","Colbert","名詞","一般",2
"526","Crackdown","名詞","一般",2
"529","Custom","名詞","一般",2
"589","Exclusive","名詞","一般",2
"615","Flipping","名詞","一般",2
"652","Guns","名詞","一般",2
"2257","Guns","名詞","固有名詞",1
"666","Hirani","名詞","一般",2
"685","INE","名詞","一般",2
"773","MOVING","名詞","一般",2
"2460","MOVING","名詞","固有名詞",1
"795","Minnesota","名詞","一般",2
"849","Oklahoma","名詞","一般",2
"2553","Oklahoma","名詞","固有名詞",1
"850","Olvido","名詞","一般",2
"856","Orleans","名詞","一般",2
"876","Pelicans","名詞","一般",2
"880","Pet","名詞","一般",2
"885","Pie","名詞","一般",2
"892","Pork","名詞","一般",2
"2614","Pork","名詞","固有名詞",1
"895","Practice","名詞","一般",2
"915","RESUMEN","名詞","一般",2
"938","Rules","名詞","一般",2
"986","Shows","名詞","一般",2
"1008","Spurs","名詞","一般",2
"1047","Technology","名詞","一般",2
"1066","Timberwolves","名詞","一般",2
"1079","Trick","名詞","一般",2
"1093","Tết","名詞","一般",2
"1141","Wonka","名詞","一般",2
"1145","Wrong","名詞","一般",2
"1233","tephen","名詞","一般",2
"1279","МА","名詞","一般",2
"1302","りょう","名詞","一般",2
"1380","ドル袋","名詞","一般",2
"1928","Anne","名詞","固有名詞",2
"1936","Ariana","名詞","固有名詞",2
"1974","Bagel","名詞","固有名詞",2
"1980","Becky","名詞","固有名詞",2
"2014","CHUYỆN","名詞","固有名詞",2
"2016","CLC","名詞","固有名詞",2
"2032","Cardi","名詞","固有名詞",2
"2049","Childish","名詞","固有名詞",2
"495","Childish","名詞","一般",1
"2055","Christopher","名詞","固有名詞",2
"2065","Cole","名詞","固有名詞",2
"2115","Deadpool","名詞","固有名詞",2
"547","Deadpool","名詞","一般",1
"2120","Dhanush","名詞","固有名詞",2
"2171","F.L.Y.","名詞","固有名詞",2
"2185","FORWARD","名詞","固有名詞",2
"2204","Fire","名詞","固有名詞",2
"2241","Garlic","名詞","固有名詞",2
"2325","Internet","名詞","固有名詞",2
"2350","Jay","名詞","固有名詞",2
"2368","KEVIN","名詞","固有名詞",2
"2407","LOSE","名詞","固有名詞",2
"2425","Left","名詞","固有名詞",2
"2438","Logic","名詞","固有名詞",2
"2471","Marie","名詞","固有名詞",2
"2472","Maroon","名詞","固有名詞",2
"2477","MasterChef","名詞","固有名詞",2
"2521","NRA","名詞","固有名詞",2
"2529","Nguyễn","名詞","固有名詞",2
"2605","Philadelphia","名詞","固有名詞",2
"2608","Pho","名詞","固有名詞",2
"2643","Rajkumar","名詞","固有名詞",2
"2644","Ralph","名詞","固有名詞",2
"2646","Ranbir","名詞","固有名詞",2
"2712","Sanju","名詞","固有名詞",2
"2746","Spaghetti","名詞","固有名詞",2
"2751","Spekta","名詞","固有名詞",2
"2812","Tears","名詞","固有名詞",2
"2865","VENOM","名詞","固有名詞",2
"2873","Vegan","名詞","固有名詞",2
"2886","WSHH","名詞","固有名詞",2
"2889","Wake","名詞","固有名詞",2
"2903","Willy","名詞","固有名詞",2
"2908","Wreck-It","名詞","固有名詞",2
"2943","hope","名詞","固有名詞",2
"3001","ふくれな","名詞","固有名詞",2
"3046","ドナルド・トランプ","名詞","固有名詞",2
"3054","ピープル","名詞","固有名詞",2
"3189","無修正","名詞","固有名詞",2
"3195","物理エンジン","名詞","固有名詞",2
"3219","精密検査","名詞","固有名詞",2
"3225","美岐","名詞","固有名詞",2
"3239","超能力","名詞","固有名詞",2
"102","たせる","動詞","自立",1
"105","つなぐ","動詞","自立",1
"108","はりつく","動詞","自立",1
"119","伸ばす","動詞","自立",1
"125","備わる","動詞","自立",1
"153","懸ける","動詞","自立",1
"155","成り立つ","動詞","自立",1
"160","採れる","動詞","自立",1
"163","握る","動詞","自立",1
"177","溜める","動詞","自立",1
"182","研ぐ","動詞","自立",1
"183","確かめる","動詞","自立",1
"214","載せる","動詞","自立",1
"229","飛び込める","動詞","自立",1
"232","養う","動詞","自立",1
"261","もんし","名詞","サ変接続",1
"278","侮辱","名詞","サ変接続",1
"280","充電","名詞","サ変接続",1
"281","入局","名詞","サ変接続",1
"287","別居","名詞","サ変接続",1
"299","大破","名詞","サ変接続",1
"304","安眠","名詞","サ変接続",1
"310","寓","名詞","サ変接続",1
"317","怨嗟","名詞","サ変接続",1
"328","探知","名詞","サ変接続",1
"329","接着","名詞","サ変接続",1
"335","水泳","名詞","サ変接続",1
"341","減少","名詞","サ変接続",1
"342","減量","名詞","サ変接続",1
"351","生録","名詞","サ変接続",1
"352","男装","名詞","サ変接続",1
"357","相違","名詞","サ変接続",1
"362","自転","名詞","サ変接続",1
"386","駆除","名詞","サ変接続",1
"391","ALG","名詞","一般",1
"392","ALONG","名詞","一般",1
"393","Abella","名詞","一般",1
"395","Acting","名詞","一般",1
"396","Adhikari","名詞","一般",1
"397","Afam","名詞","一般",1
"399","Alinity","名詞","一般",1
"401","Allegations","名詞","一般",1
"402","Allred","名詞","一般",1
"406","Anları","名詞","一般",1
"407","Anymore","名詞","一般",1
"408","Appétit","名詞","一般",1
"410","Aren","名詞","一般",1
"411","Aroma","名詞","一般",1
"412","Asks","名詞","一般",1
"414","Atletico","名詞","一般",1
"415","Attempts","名詞","一般",1
"424","BINA","名詞","一般",1
"426","BRITs","名詞","一般",1
"427","BTSFESTA","名詞","一般",1
"428","BUT","名詞","一般",1
"430","Backfires","名詞","一般",1
"431","Backlash","名詞","一般",1
"435","Bangle","名詞","一般",1
"436","Banh","名詞","一般",1
"439","Bayot","名詞","一般",1
"443","Belts","名詞","一般",1
"444","Berani","名詞","一般",1
"447","Blazers","名詞","一般",1
"449","Bolt","名詞","一般",1
"450","Bomb","名詞","一般",1
"454","Boycott","名詞","一般",1
"456","Brûlée","名詞","一般",1
"457","Bunch","名詞","一般",1
"458","Button","名詞","一般",1
"461","BĂNG","名詞","一般",1
"462","Băng","名詞","一般",1
"463","BẾP","名詞","一般",1
"464","Bỏ","名詞","一般",1
"465","CAR","名詞","一般",1
"467","CHAMPIONS","名詞","一般",1
"468","CHILD","名詞","一般",1
"469","CHIÊNG","名詞","一般",1
"470","CHIẾC","名詞","一般",1
"471","CINTA","名詞","一般",1
"472","COACHELLA","名詞","一般",1
"476","CRIES","名詞","一般",1
"478","Cabello","名詞","一般",1
"479","Callitong","名詞","一般",1
"481","Calories","名詞","一般",1
"482","Canceled","名詞","一般",1
"485","Cast","名詞","一般",1
"2034","Cast","名詞","固有名詞",1
"486","Caught","名詞","一般",1
"488","Celebrity","名詞","一般",1
"491","Chaurasiya","名詞","一般",1
"496","Chili","名詞","一般",1
"497","Choice","名詞","一般",1
"498","Chou","名詞","一般",1
"499","Chạm","名詞","一般",1
"500","Chết","名詞","一般",1
"504","Clothing","名詞","一般",1
"507","CollabDRM","名詞","一般",1
"508","Comey","名詞","一般",1
"2070","Comey","名詞","固有名詞",1
"512","Compared","名詞","一般",1
"514","Contagion","名詞","一般",1
"515","Contest","名詞","一般",1
"516","Controversial","名詞","一般",1
"518","Cool","名詞","一般",1
"520","Corden","名詞","一般",1
"524","Courts","名詞","一般",1
"527","Croácia","名詞","一般",1
"533","Cổ","名詞","一般",1
"534","Cực","名詞","一般",1
"536","DARJI","名詞","一般",1
"538","DESEO","名詞","一般",1
"539","DHAN","名詞","一般",1
"541","DISGUSTING","名詞","一般",1
"2097","DISGUSTING","名詞","固有名詞",1
"542","DISINTEGRATION","名詞","一般",1
"543","Daniels","名詞","一般",1
"544","Darts","名詞","一般",1
"545","DeFranco","名詞","一般",1
"549","Decision","名詞","一般",1
"550","Deep","名詞","一般",1
"551","Definition","名詞","一般",1
"552","Denver","名詞","一般",1
"553","Devin","名詞","一般",1
"554","Die","名詞","一般",1
"556","Dion","名詞","一般",1
"557","Discusses","名詞","一般",1
"558","Diện","名詞","一般",1
"561","Doesn","名詞","一般",1
"566","Dress","名詞","一般",1
"567","Dsouza","名詞","一般",1
"569","Due","名詞","一般",1
"570","Duhan","名詞","一般",1
"571","Dung","名詞","一般",1
"572","Dunga","名詞","一般",1
"574","EVERYTHING","名詞","一般",1
"575","Eagles","名詞","一般",1
"577","Echtes","名詞","一般",1
"578","Eggs","名詞","一般",1
"579","Ella","名詞","一般",1
"590","Exhibition","名詞","一般",1
"593","Exposed","名詞","一般",1
"599","FLEW","名詞","一般",1
"600","FLYING","名詞","一般",1
"602","FORTNITE","名詞","一般",1
"2184","FORTNITE","名詞","固有名詞",1
"606","Facts","名詞","一般",1
"607","Fair","名詞","一般",1
"610","Fateh","名詞","一般",1
"616","Florida","名詞","一般",1
"618","Foster","名詞","一般",1
"619","Freaking","名詞","一般",1
"624","Fuels","名詞","一般",1
"626","GETTING","名詞","一般",1
"627","GOHANDESUYO","名詞","一般",1
"629","GROOVE","名詞","一般",1
"633","Gates","名詞","一般",1
"634","German","名詞","一般",1
"635","Ghoshal","名詞","一般",1
"648","Gourmet","名詞","一般",1
"2255","Gourmet","名詞","固有名詞",1
"650","Grocery","名詞","一般",1
"651","Guesses","名詞","一般",1
"653","GÁC","名詞","一般",1
"654","Güzel","名詞","一般",1
"655","HACKS","名詞","一般",1
"656","Har","名詞","一般",1
"661","Heavy","名詞","一般",1
"664","Himself","名詞","一般",1
"674","Hussain","名詞","一般",1
"675","HÀI","名詞","一般",1
"681","Học","名詞","一般",1
"684","INDIA","名詞","一般",1
"686","INFINITY","名詞","一般",1
"687","INSANE","名詞","一般",1
"688","INSTINCT","名詞","一般",1
"691","Ignores","名詞","一般",1
"692","Immigration","名詞","一般",1
"2315","Immigration","名詞","固有名詞",1
"694","Incoming","名詞","一般",1
"696","Indictments","名詞","一般",1
"697","Instruments","名詞","一般",1
"699","Introduction","名詞","一般",1
"700","Introductions","名詞","一般",1
"702","Ivanka","名詞","一般",1
"703","JUV","名詞","一般",1
"705","Jenny","名詞","一般",1
"706","Johar","名詞","一般",1
"708","KAU","名詞","一般",1
"709","KNUCKLES","名詞","一般",1
"712","Kardashian","名詞","一般",1
"713","Karki","名詞","一般",1
"715","Keeps","名詞","一般",1
"716","Ketterer","名詞","一般",1
"718","Khaitan","名詞","一般",1
"720","Khích","名詞","一般",1
"722","Kicked","名詞","一般",1
"724","Kiệt","名詞","一般",1
"725","Kneeling","名詞","一般",1
"726","Knife","名詞","一般",1
"727","Know","名詞","一般",1
"730","LASAGNA","名詞","一般",1
"734","Lalkar","名詞","一般",1
"735","Laurel","名詞","一般",1
"2419","Laurel","名詞","固有名詞",1
"737","Leads","名詞","一般",1
"738","Leaks","名詞","一般",1
"740","Leave","名詞","一般",1
"741","Leben","名詞","一般",1
"742","Less","名詞","一般",1
"745","Linh","名詞","一般",1
"748","Logan","名詞","一般",1
"749","Longest","名詞","一般",1
"751","Losail","名詞","一般",1
"752","Losing","名詞","一般",1
"753","Lot","名詞","一般",1
"755","Luxurious","名詞","一般",1
"757","LÀ","名詞","一般",1
"758","Là","名詞","一般",1
"759","LẠC","名詞","一般",1
"760","Lạ","名詞","一般",1
"761","LẬT","名詞","一般",1
"762","Lệ","名詞","一般",1
"763","Lớn","名詞","一般",1
"765","MADMAN","名詞","一般",1
"766","MAKES","名詞","一般",1
"767","MASTERS","名詞","一般",1
"769","MEDLEY","名詞","一般",1
"770","MEME","名詞","一般",1
"2455","MEME","名詞","固有名詞",1
"771","MEMES","名詞","一般",1
"772","MEXICAN","名詞","一般",1
"776","Mafia","名詞","一般",1
"778","Maidaan","名詞","一般",1
"783","Mancuso","名詞","一般",1
"784","Maret","名詞","一般",1
"785","Masih","名詞","一般",1
"787","Meanings","名詞","一般",1
"788","Means","名詞","一般",1
"790","Megalodon","名詞","一般",1
"791","Members","名詞","一般",1
"792","Memes","名詞","一般",1
"794","Millions","名詞","一般",1
"800","Motion","名詞","一般",1
"802","Moving","名詞","一般",1
"806","Mê","名詞","一般",1
"807","MẶT","名詞","一般",1
"809","MỚI","名詞","一般",1
"813","NHÀ","名詞","一般",1
"817","NOODLES","名詞","一般",1
"820","Name","名詞","一般",1
"821","Narayanan","名詞","一般",1
"822","Natasha","名詞","一般",1
"823","Nazi","名詞","一般",1
"825","Neutrality","名詞","一般",1
"828","Ngân","名詞","一般",1
"830","Ngắm","名詞","一般",1
"831","Nhau","名詞","一般",1
"832","Nhi","名詞","一般",1
"834","Nhạc","名詞","一般",1
"836","Nice","名詞","一般",1
"840","Nominees","名詞","一般",1
"842","Nunes","名詞","一般",1
"843","NỌ","名詞","一般",1
"846","ONCE","名詞","一般",1
"852","Omelet","名詞","一般",1
"853","Ones","名詞","一般",1
"858","Owe","名詞","一般",1
"860","PAULS","名詞","一般",1
"861","PERFORMANCE","名詞","一般",1
"862","PGT","名詞","一般",1
"2574","PGT","名詞","固有名詞",1
"863","PHƯƠNG","名詞","一般",1
"864","PHƯỜNG","名詞","一般",1
"865","PIZZAS","名詞","一般",1
"872","Pattadhari","名詞","一般",1
"873","Paulistão","名詞","一般",1
"2598","Paulistão","名詞","固有名詞",1
"874","Pay","名詞","一般",1
"875","Peek","名詞","一般",1
"877","Pence","名詞","一般",1
"879","Perks","名詞","一般",1
"883","Phấn","名詞","一般",1
"886","Pijama","名詞","一般",1
"888","Pirates","名詞","一般",1
"893","Poverty","名詞","一般",1
"894","Power","名詞","一般",1
"896","Pradhan","名詞","一般",1
"897","Pregnant","名詞","一般",1
"898","Present","名詞","一般",1
"899","Prices","名詞","一般",1
"901","Process","名詞","一般",1
"902","Production","名詞","一般",1
"903","Pug","名詞","一般",1
"904","Pulling","名詞","一般",1
"905","Pump","名詞","一般",1
"906","Punishment","名詞","一般",1
"907","Purple","名詞","一般",1
"908","Quirk","名詞","一般",1
"909","Quên","名詞","一般",1
"910","RALPH","名詞","一般",1
"911","RANI","名詞","一般",1
"913","REASON","名詞","一般",1
"916","REUNION","名詞","一般",1
"917","REVENGE","名詞","一般",1
"919","RIGHT","名詞","一般",1
"921","Radically","名詞","一般",1
"922","Ranjith","名詞","一般",1
"924","Record","名詞","一般",1
"926","Responds","名詞","一般",1
"927","Restaurant","名詞","一般",1
"928","Resting","名詞","一般",1
"930","Revamps","名詞","一般",1
"931","Reveals","名詞","一般",1
"934","Robustness","名詞","一般",1
"937","Royale","名詞","一般",1
"940","Rơi","名詞","一般",1
"943","SCAM","名詞","一般",1
"944","SCHUMER","名詞","一般",1
"945","SCIENCE","名詞","一般",1
"946","SCOTUS","名詞","一般",1
"948","SING","名詞","一般",1
"951","SPIDER","名詞","一般",1
"2702","SPIDER","名詞","固有名詞",1
"952","STEAK","名詞","一般",1
"954","STUDENT","名詞","一般",1
"955","STUMPED","名詞","一般",1
"957","SUBS","名詞","一般",1
"958","Satisfying","名詞","一般",1
"959","Saturday","名詞","一般",1
"961","Saw","名詞","一般",1
"962","Saygı","名詞","一般",1
"964","Scam","名詞","一般",1
"966","Schneiderman","名詞","一般",1
"968","Schools","名詞","一般",1
"969","Scores","名詞","一般",1
"971","Sekyu","名詞","一般",1
"973","Sentencing","名詞","一般",1
"975","Sets","名詞","一般",1
"976","Setup","名詞","一般",1
"977","Shark","名詞","一般",1
"978","She","名詞","一般",1
"979","Shepherd","名詞","一般",1
"980","Shernan","名詞","一般",1
"981","Shocked","名詞","一般",1
"983","Shootout","名詞","一般",1
"987","Shutdown","名詞","一般",1
"990","Sings","名詞","一般",1
"991","Sixers","名詞","一般",1
"992","Skittles","名詞","一般",1
"993","Slam","名詞","一般",1
"994","Smoke","名詞","一般",1
"996","Snubbed","名詞","一般",1
"998","Soccer","名詞","一般",1
"1000","Somebody","名詞","一般",1
"2742","Somebody","名詞","固有名詞",1
"1002","Spanish","名詞","一般",1
"1004","Spider","名詞","一般",1
"1005","SpinKing","名詞","一般",1
"1007","Spree","名詞","一般",1
"1010","Starman","名詞","一般",1
"1011","Statham","名詞","一般",1
"1012","Steak","名詞","一般",1
"1013","Stirs","名詞","一般",1
"1016","Store","名詞","一般",1
"1017","Stormy","名詞","一般",1
"1019","Strikes","名詞","一般",1
"1022","Sues","名詞","一般",1
"1024","SÔNG","名詞","一般",1
"1028","THEIR","名詞","一般",1
"1029","THEN","名詞","一般",1
"1031","THÁI","名詞","一般",1
"1032","THẤT","名詞","一般",1
"1033","THẰNG","名詞","一般",1
"1034","TOMAHAWK","名詞","一般",1
"1035","TRÙM","名詞","一般",1
"1039","Takes","名詞","一般",1
"1041","Tanghalan","名詞","一般",1
"1043","Tati","名詞","一般",1
"1044","Taxes","名詞","一般",1
"1053","Things","名詞","一般",1
"1054","ThisEID","名詞","一般",1
"1055","Throw","名詞","一般",1
"1056","Thu","名詞","一般",1
"1059","Thần","名詞","一般",1
"1060","Thắng","名詞","一般",1
"1062","Thị","名詞","一般",1
"1063","Ticket","名詞","一般",1
"1065","Tillerson","名詞","一般",1
"1072","Tottenham","名詞","一般",1
"2836","Tottenham","名詞","固有名詞",1
"1073","Track","名詞","一般",1
"1074","Trail","名詞","一般",1
"1077","Trang","名詞","一般",1
"1078","Transformation","名詞","一般",1
"1082","Trustworthy","名詞","一般",1
"1084","Turner","名詞","一般",1
"1085","Tuấn","名詞","一般",1
"1086","Tweets","名詞","一般",1
"1089","Tên","名詞","一般",1
"1097","USING","名詞","一般",1
"1108","Vallen","名詞","一般",1
"1113","Views","名詞","一般",1
"1120","WANTS","名詞","一般",1
"1121","WARS","名詞","一般",1
"1122","WHCD","名詞","一般",1
"1127","Wars","名詞","一般",1
"1128","Was","名詞","一般",1
"1129","Watergate","名詞","一般",1
"1136","While","名詞","一般",1
"1137","Whiteface","名詞","一般",1
"1143","Worse","名詞","一般",1
"1144","Wow","名詞","一般",1
"1146","XCX","名詞","一般",1
"1150","YOUR","名詞","一般",1
"1151","YOURSELF","名詞","一般",1
"1152","Yanny","名詞","一般",1
"2914","Yanny","名詞","固有名詞",1
"1153","Yolk","名詞","一般",1
"1157","Zhayt","名詞","一般",1
"1160","air","名詞","一般",1
"1164","building","名詞","一般",1
"1165","bạn","名詞","一般",1
"1167","capítulo","名詞","一般",1
"1168","child","名詞","一般",1
"1170","coded","名詞","一般",1
"1171","compilation","名詞","一般",1
"1173","cơm","名詞","一般",1
"1174","dding","名詞","一般",1
"1177","edit","名詞","一般",1
"1179","emotional","名詞","一般",1
"1187","grupal","名詞","一般",1
"1190","heard","名詞","一般",1
"1193","héo","名詞","一般",1
"1198","kẻng","名詞","一般",1
"1199","laughing","名詞","一般",1
"1203","mixtape","名詞","一般",1
"1205","mousepad","名詞","一般",1
"1206","munting","名詞","一般",1
"1208","mà","名詞","一般",1
"1210","ngang","名詞","一般",1
"1213","náo","名詞","一般",1
"1214","nói","名詞","一般",1
"1218","prinsesa","名詞","一般",1
"1220","randomly","名詞","一般",1
"1222","rẽ","名詞","一般",1
"1224","satisfied","名詞","一般",1
"1226","scales","名詞","一般",1
"1227","shooting","名詞","一般",1
"1229","sounds","名詞","一般",1
"1232","sợ","名詞","一般",1
"1235","thoughts","名詞","一般",1
"1236","thân","名詞","一般",1
"1237","trước","名詞","一般",1
"1241","vida","名詞","一般",1
"1243","vui","名詞","一般",1
"1248","wwwwwwwwww","名詞","一般",1
"1250","xel","名詞","一般",1
"1253","Áustria","名詞","一般",1
"1254","ÔNG","名詞","一般",1
"1255","épico","名詞","一般",1
"1256","ăn","名詞","一般",1
"1259","ĐÀ","名詞","一般",1
"1260","ĐÓNG","名詞","一般",1
"1261","Đá","名詞","一般",1
"1263","Đóng","名詞","一般",1
"1265","ĐẤT","名詞","一般",1
"1270","đáp","名詞","一般",1
"1271","đã","名詞","一般",1
"1273","đại","名詞","一般",1
"1275","Ơi","名詞","一般",1
"1285","おじいちゃん","名詞","一般",1
"1290","しき","名詞","一般",1
"1293","たい","名詞","一般",1
"1295","たこ","名詞","一般",1
"1296","とら","名詞","一般",1
"1298","はし","名詞","一般",1
"1299","ふぐ","名詞","一般",1
"1301","めぐみ","名詞","一般",1
"1305","゙けど","名詞","一般",1
"1306","゙すぎた","名詞","一般",1
"1307","゙すぎると","名詞","一般",1
"1308","゙ったから","名詞","一般",1
"1309","゙ぶっかけて","名詞","一般",1
"1310","゙めしゃちょ","名詞","一般",1
"1311","゙ゃなら","名詞","一般",1
"1312","゙ゃね","名詞","一般",1
"1313","゙やべ","名詞","一般",1
"1314","゙ゆ","名詞","一般",1
"1315","゙れば","名詞","一般",1
"1318","゚は","名詞","一般",1
"1327","アワビ","名詞","一般",1
"1331","オープンカー","名詞","一般",1
"1337","カラオケアカペラ","名詞","一般",1
"1339","ガチドッジボール","名詞","一般",1
"1340","ガチバスケ","名詞","一般",1
"1345","クロマグロ","名詞","一般",1
"1349","コレ","名詞","一般",1
"1352","サチオ","名詞","一般",1
"1356","ジェットバス","名詞","一般",1
"1357","ジャングルジム","名詞","一般",1
"1360","スシトーーク","名詞","一般",1
"1365","ゼリー","名詞","一般",1
"1368","ダーツ","名詞","一般",1
"1371","ツボ","名詞","一般",1
"1375","トランジスタ","名詞","一般",1
"1376","トリック","名詞","一般",1
"1377","トロフィー","名詞","一般",1
"1378","ドリアン","名詞","一般",1
"1381","ナケ","名詞","一般",1
"1383","ハイハ","名詞","一般",1
"1385","ハサミ","名詞","一般",1
"1387","ハード","名詞","一般",1
"1392","バティック","名詞","一般",1
"1398","ピン","名詞","一般",1
"1412","ボード","名詞","一般",1
"1414","ポンス","名詞","一般",1
"1420","ミル","名詞","一般",1
"1421","ミーティング","名詞","一般",1
"1427","モノ","名詞","一般",1
"1428","ャンフ","名詞","一般",1
"1431","ユーチューハ","名詞","一般",1
"1436","ルイスネリ","名詞","一般",1
"1439","ローション","名詞","一般",1
"1440","ンシ","名詞","一般",1
"1443","ーキ","名詞","一般",1
"1444","ーシ","名詞","一般",1
"1445","ースホ","名詞","一般",1
"1448","ーヤンキー","名詞","一般",1
"1455","为难","名詞","一般",1
"1456","乗り物","名詞","一般",1
"1458","争第","名詞","一般",1
"1467","仪","名詞","一般",1
"1468","仪盐","名詞","一般",1
"1473","体力","名詞","一般",1
"1485","兴与","名詞","一般",1
"1486","兴奋","名詞","一般",1
"1492","力量","名詞","一般",1
"1497","単語","名詞","一般",1
"1498","卧底","名詞","一般",1
"1501","发布","名詞","一般",1
"1502","变知","名詞","一般",1
"1506","吕小","名詞","一般",1
"1507","君子","名詞","一般",1
"1509","吹き替え","名詞","一般",1
"1510","呪い","名詞","一般",1
"1512","嗓音","名詞","一般",1
"1516","团变","名詞","一般",1
"1520","地図","名詞","一般",1
"1522","坊主","名詞","一般",1
"1525","夢見","名詞","一般",1
"1539","威力","名詞","一般",1
"1544","審査結果","名詞","一般",1
"1546","对决","名詞","一般",1
"1548","导师","名詞","一般",1
"1556","帝都","名詞","一般",1
"1557","帮重","名詞","一般",1
"1558","床屋","名詞","一般",1
"1561","建前","名詞","一般",1
"1562","开唱","名詞","一般",1
"1573","急斜面","名詞","一般",1
"1581","感触","名詞","一般",1
"1585","打ち上げ花火","名詞","一般",1
"1587","抢草","名詞","一般",1
"1588","拉倒","名詞","一般",1
"1590","拠点","名詞","一般",1
"1591","持論","名詞","一般",1
"1592","指輪","名詞","一般",1
"1594","撕名","名詞","一般",1
"1597","斯科","名詞","一般",1
"1603","时尚","名詞","一般",1
"1607","晗学","名詞","一般",1
"1613","月下","名詞","一般",1
"1614","有理","名詞","一般",1
"1623","杨","名詞","一般",1
"1630","標語","名詞","一般",1
"1638","洞窟","名詞","一般",1
"1640","渤罗","名詞","一般",1
"1641","滑り台","名詞","一般",1
"1642","炸组","名詞","一般",1
"1644","爆膨","名詞","一般",1
"1645","父子","名詞","一般",1
"1646","片目","名詞","一般",1
"1647","牌","名詞","一般",1
"1650","狠虐","名詞","一般",1
"1652","玟","名詞","一般",1
"1653","现","名詞","一般",1
"1665","盗賊","名詞","一般",1
"1669","着こなし","名詞","一般",1
"1671","磁性","名詞","一般",1
"1673","离开","名詞","一般",1
"1678","竞选","名詞","一般",1
"1679","童顔","名詞","一般",1
"1680","答","名詞","一般",1
"1683","純銀","名詞","一般",1
"1689","线参","名詞","一般",1
"1690","线脑","名詞","一般",1
"1691","羊","名詞","一般",1
"1692","老年","名詞","一般",1
"1693","聚众","名詞","一般",1
"1699","脸","名詞","一般",1
"1700","膜","名詞","一般",1
"1707","菲","名詞","一般",1
"1709","虫眼鏡","名詞","一般",1
"1719","谭定","名詞","一般",1
"1720","豎子","名詞","一般",1
"1724","買取","名詞","一般",1
"1725","贤胡","名詞","一般",1
"1727","赞","名詞","一般",1
"1728","赢","名詞","一般",1
"1730","蹈","名詞","一般",1
"1733","遭打","名詞","一般",1
"1736","邓紫","名詞","一般",1
"1742","长上","名詞","一般",1
"1743","队跳","名詞","一般",1
"1744","际学","名詞","一般",1
"1747","陷入","名詞","一般",1
"1751","雪合戦","名詞","一般",1
"1754","霸毫","名詞","一般",1
"1755","霸龙","名詞","一般",1
"1756","霹雳","名詞","一般",1
"1758","鞋","名詞","一般",1
"1763","题惨","名詞","一般",1
"1764","颜值","名詞","一般",1
"1765","颜女","名詞","一般",1
"1767","飞天","名詞","一般",1
"1777","鰻","名詞","一般",1
"1781","黒ハート","名詞","一般",1
"1782","齐素","名詞","一般",1
"1812","各自","名詞","副詞可能",1
"1816","曰く","名詞","副詞可能",1
"1824","$120","名詞","固有名詞",1
"1825","$135","名詞","固有名詞",1
"1826","$143","名詞","固有名詞",1
"1827","$20","名詞","固有名詞",1
"1828","$231","名詞","固有名詞",1
"1829","$250","名詞","固有名詞",1
"1830","$30","名詞","固有名詞",1
"1831","$68","名詞","固有名詞",1
"1832","$715","名詞","固有名詞",1
"1833","10000回","名詞","固有名詞",1
"1839","100点","名詞","固有名詞",1
"1840","120万円","名詞","固有名詞",1
"1841","1300万円","名詞","固有名詞",1
"1842","131話","名詞","固有名詞",1
"1843","13期","名詞","固有名詞",1
"1845","196度","名詞","固有名詞",1
"1855","22人","名詞","固有名詞",1
"1866","45m","名詞","固有名詞",1
"1869","4年間","名詞","固有名詞",1
"1871","50kg","名詞","固有名詞",1
"1877","5秒","名詞","固有名詞",1
"1878","5種類","名詞","固有名詞",1
"1879","6ix9ine","名詞","固有名詞",1
"1883","99.9%","名詞","固有名詞",1
"1885","A$AP","名詞","固有名詞",1
"1890","AKU","名詞","固有名詞",1
"1893","ALMA","名詞","固有名詞",1
"1895","AMY","名詞","固有名詞",1
"1897","ANH","名詞","固有名詞",1
"1899","AOA","名詞","固有名詞",1
"1901","ARE","名詞","固有名詞",1
"1902","ASHOK","名詞","固有名詞",1
"1905","ATM","名詞","固有名詞",1
"1907","Abuse","名詞","固有名詞",1
"1908","Acrobat","名詞","固有名詞",1
"1909","Actress","名詞","固有名詞",1
"1910","Aeon","名詞","固有名詞",1
"1911","Afghanistan","名詞","固有名詞",1
"1914","Ahmad","名詞","固有名詞",1
"1915","Alesso","名詞","固有名詞",1
"1916","Alexa","名詞","固有名詞",1
"1918","Allies","名詞","固有名詞",1
"1919","Alternative","名詞","固有名詞",1
"1920","Amala","名詞","固有名詞",1
"1931","Ant","名詞","固有名詞",1
"1937","Ashes","名詞","固有名詞",1
"1938","Así","名詞","固有名詞",1
"1939","Atlas","名詞","固有名詞",1
"1940","Attention","名詞","固有名詞",1
"1943","Avenger","名詞","固有名詞",1
"1948","BANGTAN","名詞","固有名詞",1
"1953","BEYONCÉ","名詞","固有名詞",1
"1955","BIẾN","名詞","固有名詞",1
"1959","BOMB","名詞","固有名詞",1
"1960","BOOMERANG","名詞","固有名詞",1
"1965","BRA","名詞","固有名詞",1
"1966","BRAND","名詞","固有名詞",1
"1968","BRIT","名詞","固有名詞",1
"1972","Bach","名詞","固有名詞",1
"1975","Bamboo","名詞","固有名詞",1
"1976","Bangladesh","名詞","固有名詞",1
"1983","Beyoncé","名詞","固有名詞",1
"1988","Billy","名詞","固有名詞",1
"1989","Bingle","名詞","固有名詞",1
"1990","Binibining","名詞","固有名詞",1
"1992","Blossom","名詞","固有名詞",1
"1993","Bohemian","名詞","固有名詞",1
"1998","Boycotts","名詞","固有名詞",1
"2001","Brock","名詞","固有名詞",1
"2002","Buddy","名詞","固有名詞",1
"2004","BÍCH","名詞","固有名詞",1
"2006","Bùa","名詞","固有名詞",1
"2007","Bụi","名詞","固有名詞",1
"2009","CARBO","名詞","固有名詞",1
"2012","CHILE","名詞","固有名詞",1
"2019","COLLEGE","名詞","固有名詞",1
"2021","COMEBACKSHOW","名詞","固有名詞",1
"2025","CRO","名詞","固有名詞",1
"2026","CROWD","名詞","固有名詞",1
"2027","Call","名詞","固有名詞",1
"2029","Camila","名詞","固有名詞",1
"2033","Carson","名詞","固有名詞",1
"2035","Catalan","名詞","固有名詞",1
"2036","Catalina","名詞","固有名詞",1
"2038","Chain","名詞","固有名詞",1
"2044","Charli","名詞","固有名詞",1
"2047","Chef","名詞","固有名詞",1
"2050","Children","名詞","固有名詞",1
"2056","Chun","名詞","固有名詞",1
"2058","Chồng","名詞","固有名詞",1
"2059","Civilization","名詞","固有名詞",1
"2060","Clash","名詞","固有名詞",1
"2062","Clean","名詞","固有名詞",1
"2066","Colombia","名詞","固有名詞",1
"2073","Conspiracy","名詞","固有名詞",1
"2075","Cop","名詞","固有名詞",1
"2076","Copyright","名詞","固有名詞",1
"2079","Corporate","名詞","固有名詞",1
"2086","Cryptocurrencies","名詞","固有名詞",1
"2088","CÁ","名詞","固有名詞",1
"2089","Céline","名詞","固有名詞",1
"2091","DAN","名詞","固有名詞",1
"2093","DENNIS","名詞","固有名詞",1
"2094","DESTINY","名詞","固有名詞",1
"2095","DIA","名詞","固有名詞",1
"2096","DIE","名詞","固有名詞",1
"2098","DIYs","名詞","固有名詞",1
"2101","DONT","名詞","固有名詞",1
"2105","DRESS","名詞","固有名詞",1
"2107","DWC","名詞","固有名詞",1
"2109","Dancing","名詞","固有名詞",1
"2112","Daydream","名詞","固有名詞",1
"2116","Debate","名詞","固有名詞",1
"2117","Delicate","名詞","固有名詞",1
"2119","Dhadak","名詞","固有名詞",1
"2121","Difficult","名詞","固有名詞",1
"2125","Diệu","名詞","固有名詞",1
"2128","DosPorDos","名詞","固有名詞",1
"2130","Drew","名詞","固有名詞",1
"2131","Drive","名詞","固有名詞",1
"2134","Dumbo","名詞","固有名詞",1
"2135","Dunk","名詞","固有名詞",1
"2137","ECHO","名詞","固有名詞",1
"2145","EVERYDAY","名詞","固有名詞",1
"2146","EXID","名詞","固有名詞",1
"2147","EXPERT","名詞","固有名詞",1
"2148","Economy","名詞","固有名詞",1
"2152","ElClásico","名詞","固有名詞",1
"2154","Emma","名詞","固有名詞",1
"2158","Entertainer","名詞","固有名詞",1
"2161","Eric","名詞","固有名詞",1
"2163","Even","名詞","固有名詞",1
"2166","Everything","名詞","固有名詞",1
"2167","Exciting","名詞","固有名詞",1
"2169","Extremeley","名詞","固有名詞",1
"2180","FIRE","名詞","固有名詞",1
"2187","FRIEND","名詞","固有名詞",1
"2189","FRISK","名詞","固有名詞",1
"2193","Falcon","名詞","固有名詞",1
"2195","Fallen","名詞","固有名詞",1
"2196","Fallout","名詞","固有名詞",1
"2203","Fine","名詞","固有名詞",1
"2206","Flex","名詞","固有名詞",1
"2207","FlipTop","名詞","固有名詞",1
"2208","Flowers","名詞","固有名詞",1
"2209","Football","名詞","固有名詞",1
"2213","Francia","名詞","固有名詞",1
"2217","Fue","名詞","固有名詞",1
"2223","GACKT","名詞","固有名詞",1
"2224","GENERATIONS","名詞","固有名詞",1
"2226","GHEA","名詞","固有名詞",1
"2227","GIANT","名詞","固有名詞",1
"2232","GOKU","名詞","固有名詞",1
"2235","GREENTEXT","名詞","固有名詞",1
"2237","Galand","名詞","固有名詞",1
"2240","Gaming","名詞","固有名詞",1
"2245","Getting","名詞","固有名詞",1
"2247","Gin","名詞","固有名詞",1
"2254","Gorillaz","名詞","固有名詞",1
"2256","Guardianship","名詞","固有名詞",1
"2258","HAHA","名詞","固有名詞",1
"2259","HAVANA","名詞","固有名詞",1
"2262","HEAR","名詞","固有名詞",1
"2267","HOW","名詞","固有名詞",1
"2269","Hacks","名詞","固有名詞",1
"2271","Halloween","名詞","固有名詞",1
"2272","Hand","名詞","固有名詞",1
"2273","Happier","名詞","固有名詞",1
"2275","Hart","名詞","固有名詞",1
"2276","Hate","名詞","固有名詞",1
"2278","Hebbuli","名詞","固有名詞",1
"2282","Hidden","名詞","固有名詞",1
"2289","Homeless","名詞","固有名詞",1
"2296","Humility","名詞","固有名詞",1
"2297","Hwarang","名詞","固有名詞",1
"2303","IDGAF","名詞","固有名詞",1
"2309","INTRO","名詞","固有名詞",1
"2313","Ibrahimovic","名詞","固有名詞",1
"2316","Impossible","名詞","固有名詞",1
"2317","Improve","名詞","固有名詞",1
"2318","Inappropriate","名詞","固有名詞",1
"2330","Ishaan","名詞","固有名詞",1
"2335","JENNIE","名詞","固有名詞",1
"2341","JURASSIC","名詞","固有名詞",1
"2342","Jackylou","名詞","固有名詞",1
"2343","Jake","名詞","固有名詞",1
"2346","Janhvi","名詞","固有名詞",1
"2349","Jason","名詞","固有名詞",1
"2351","Jennifer","名詞","固有名詞",1
"2356","Jodie","名詞","固有名詞",1
"2358","Jones","名詞","固有名詞",1
"2361","Julius","名詞","固有名詞",1
"2362","Jumanji","名詞","固有名詞",1
"2365","Justice","名詞","固有名詞",1
"2374","Kaala","名詞","固有名詞",1
"2375","Kabir","名詞","固有名詞",1
"2376","Kajol","名詞","固有名詞",1
"2377","Kameshor","名詞","固有名詞",1
"2379","Kar","名詞","固有名詞",1
"2380","Karan","名詞","固有名詞",1
"2382","Keki","名詞","固有名詞",1
"2383","Kelly","名詞","固有名詞",1
"2384","Kendrick","名詞","固有名詞",1
"2390","Kluna","名詞","固有名詞",1
"2391","Krispy","名詞","固有名詞",1
"2392","Kristel","名詞","固有名詞",1
"2393","Kushner","名詞","固有名詞",1
"2395","LADY","名詞","固有名詞",1
"2400","LIL","名詞","固有名詞",1
"2401","LISA","名詞","固有名詞",1
"2402","LITTLE","名詞","固有名詞",1
"2405","LOA","名詞","固有名詞",1
"2406","LOGAN","名詞","固有名詞",1
"2412","LSSC","名詞","固有名詞",1
"2413","LUCAS","名詞","固有名詞",1
"2420","Lawrence","名詞","固有名詞",1
"2421","Lazio","名詞","固有名詞",1
"2426","Legacy","名詞","固有名詞",1
"2432","Lil","名詞","固有名詞",1
"2433","Lime","名詞","固有名詞",1
"2440","Loren","名詞","固有名詞",1
"2442","Lounge","名詞","固有名詞",1
"2444","Lý","名詞","固有名詞",1
"2449","MAMAMOO","名詞","固有名詞",1
"2452","MARVEL","名詞","固有名詞",1
"2456","MILAGROSO","名詞","固有名詞",1
"2459","MOST","名詞","固有名詞",1
"2461","MOWGLI","名詞","固有名詞",1
"2468","Malian","名詞","固有名詞",1
"2469","Maotse","名詞","固有名詞",1
"2476","Mary","名詞","固有名詞",1
"2480","Mean","名詞","固有名詞",1
"2481","Meet","名詞","固有名詞",1
"2482","Meg","名詞","固有名詞",1
"2486","Menuka","名詞","固有名詞",1
"2488","Migos","名詞","固有名詞",1
"2492","Mirror","名詞","固有名詞",1
"2494","Moby","名詞","固有名詞",1
"2496","Monaco","名詞","固有名詞",1
"2501","Muse","名詞","固有名詞",1
"2503","MØ","名詞","固有名詞",1
"2504","México","名詞","固有名詞",1
"2505","Mình","名詞","固有名詞",1
"2514","NEVER","名詞","固有名詞",1
"2515","NFL","名詞","固有名詞",1
"2523","Najir","名詞","固有名詞",1
"2526","Natti","名詞","固有名詞",1
"2527","Net","名詞","固有名詞",1
"2532","Nicki","名詞","固有名詞",1
"2536","Nuggets","名詞","固有名詞",1
"2543","OKRA","名詞","固有名詞",1
"2544","OLD","名詞","固有名詞",1
"2547","OST","名詞","固有名詞",1
"2549","Obama","名詞","固有名詞",1
"2554","Old","名詞","固有名詞",1
"2559","OneRepublic","名詞","固有名詞",1
"2566","P.S.","名詞","固有名詞",1
"2567","PAPERS","名詞","固有名詞",1
"2569","PAS","名詞","固有名詞",1
"2573","PENTATONIX","名詞","固有名詞",1
"2575","PHONES","名詞","固有名詞",1
"2576","PICK","名詞","固有名詞",1
"2579","PLEASE","名詞","固有名詞",1
"2587","PSG","名詞","固有名詞",1
"2591","Palacio","名詞","固有名詞",1
"2593","Paramount","名詞","固有名詞",1
"2594","Paris","名詞","固有名詞",1
"2597","Pastry","名詞","固有名詞",1
"2599","Penalty","名詞","固有名詞",1
"2604","PewDiePie","名詞","固有名詞",1
"2606","Philip","名詞","固有名詞",1
"2613","PoppinS","名詞","固有名詞",1
"2615","Portland","名詞","固有名詞",1
"2618","Priyanka","名詞","固有名詞",1
"2619","Puerto","名詞","固有名詞",1
"2620","Purano","名詞","固有名詞",1
"2629","RAINBOW","名詞","固有名詞",1
"2630","RAJJA","名詞","固有名詞",1
"2631","REACCIÓN","名詞","固有名詞",1
"2636","ROSÉ","名詞","固有名詞",1
"2639","Racist","名詞","固有名詞",1
"2640","Ragnarok","名詞","固有名詞",1
"2642","Rajinikanth","名詞","固有名詞",1
"2645","Rambo","名詞","固有名詞",1
"2647","Random","名詞","固有名詞",1
"2649","Rascals","名詞","固有名詞",1
"2650","Reacción","名詞","固有名詞",1
"2653","Rehab","名詞","固有名詞",1
"2654","Releasing","名詞","固有名詞",1
"2655","Remo","名詞","固有名詞",1
"2656","Replay","名詞","固有名詞",1
"2657","Report","名詞","固有名詞",1
"2661","Rex","名詞","固有名詞",1
"2662","Rhea","名詞","固有名詞",1
"2665","Rodman","名詞","固有名詞",1
"2668","Roseanne","名詞","固有名詞",1
"2670","Rossi","名詞","固有名詞",1
"2672","Royal","名詞","固有名詞",1
"2673","Ruby","名詞","固有名詞",1
"2675","Ruined","名詞","固有名詞",1
"2676","Rumors","名詞","固有名詞",1
"2678","Russia","名詞","固有名詞",1
"2679","Rời","名詞","固有名詞",1
"2683","SAITA","名詞","固有名詞",1
"2695","SMASH","名詞","固有名詞",1
"2696","SNL","名詞","固有名詞",1
"2699","SOLVED","名詞","固有名詞",1
"2700","SOMEONE","名詞","固有名詞",1
"2706","STAINLESS","名詞","固有名詞",1
"2707","STORE","名詞","固有名詞",1
"2710","Samsung","名詞","固有名詞",1
"2713","Santhosh","名詞","固有名詞",1
"2714","Santhu","名詞","固有名詞",1
"2715","Sayang","名詞","固有名詞",1
"2721","Seaweed","名詞","固有名詞",1
"2723","Shashank","名詞","固有名詞",1
"2724","Shimane","名詞","固有名詞",1
"2728","Showed","名詞","固有名詞",1
"2729","Shreya","名詞","固有名詞",1
"2731","Sin","名詞","固有名詞",1
"2734","Singularity","名詞","固有名詞",1
"2735","Sinio","名詞","固有名詞",1
"2736","Sirloin","名詞","固有名詞",1
"2740","Solo","名詞","固有名詞",1
"2741","Some","名詞","固有名詞",1
"2745","Soup","名詞","固有名詞",1
"2752","Sporda","名詞","固有名詞",1
"2753","Spotify","名詞","固有名詞",1
"2756","Starbucks","名詞","固有名詞",1
"2757","Starry","名詞","固有名詞",1
"2760","Steel","名詞","固有名詞",1
"2762","Still","名詞","固有名詞",1
"2764","Stupid","名詞","固有名詞",1
"2765","Success","名詞","固有名詞",1
"2766","Sudeep","名詞","固有名詞",1
"2767","Sukhwinder","名詞","固有名詞",1
"2770","Supermarket","名詞","固有名詞",1
"2775","TASTY","名詞","固有名詞",1
"2776","TAY","名詞","固有名詞",1
"2779","TERRIFIED","名詞","固有名詞",1
"2780","THAILAND","名詞","固有名詞",1
"2786","THEM","名詞","固有名詞",1
"2787","TMZ","名詞","固有名詞",1
"2793","TRAIN","名詞","固有名詞",1
"2794","TRAMPOLINE","名詞","固有名詞",1
"2801","Tag","名詞","固有名詞",1
"2804","Tamil","名詞","固有名詞",1
"2805","Tandingan","名詞","固有名詞",1
"2806","Tawag","名詞","固有名詞",1
"2807","Taylor","名詞","固有名詞",1
"2814","Tempo","名詞","固有名詞",1
"2816","Thanos","名詞","固有名詞",1
"2828","Thor","名詞","固有名詞",1
"2829","Thor:Ragnarok","名詞","固有名詞",1
"2831","Thuỳ","名詞","固有名詞",1
"2832","Tinashe","名詞","固有名詞",1
"2833","Tipsy","名詞","固有名詞",1
"2835","Tomi","名詞","固有名詞",1
"2842","Tweet","名詞","固有名詞",1
"2846","Tyler","名詞","固有名詞",1
"2851","UEFA","名詞","固有名詞",1
"2853","UEL","名詞","固有名詞",1
"2854","UGANDAN","名詞","固有名詞",1
"2855","ULTIMATE","名詞","固有名詞",1
"2856","UNCUT","名詞","固有名詞",1
"2866","VERSE","名詞","固有名詞",1
"2874","Velaiilla","名詞","固有名詞",1
"2875","Via","名詞","固有名詞",1
"2878","Visits","名詞","固有名詞",1
"2880","WCF","名詞","固有名詞",1
"2881","WHY","名詞","固有名詞",1
"2885","WRECK","名詞","固有名詞",1
"2893","Wasp","名詞","固有名詞",1
"2897","Well","名詞","固有名詞",1
"2898","WeroKing","名詞","固有名詞",1
"2900","Wheelchair","名詞","固有名詞",1
"2902","Will","名詞","固有名詞",1
"2912","YOUTUBE","名詞","固有名詞",1
"2913","Yamy","名詞","固有名詞",1
"2915","Yash","名詞","固有名詞",1
"2916","Yellow","名詞","固有名詞",1
"2920","Youth","名詞","固有名詞",1
"2925","ZAYN","名詞","固有名詞",1
"2928","Zara","名詞","固有名詞",1
"2929","Zhavia","名詞","固有名詞",1
"2931","aNYthing","名詞","固有名詞",1
"2933","aire","名詞","固有名詞",1
"2945","hut","名詞","固有名詞",1
"2950","know","名詞","固有名詞",1
"2958","triple","名詞","固有名詞",1
"2962","wife","名詞","固有名詞",1
"2964","woman","名詞","固有名詞",1
"2968","Đối","名詞","固有名詞",1
"2969","ĐỨA","名詞","固有名詞",1
"2972","ЄХТЄ","名詞","固有名詞",1
"2974","ВА","名詞","固有名詞",1
"2977","ОА","名詞","固有名詞",1
"2984","あっち向いてホイ","名詞","固有名詞",1
"2988","くまさん","名詞","固有名詞",1
"2989","けみお","名詞","固有名詞",1
"2991","ご当地","名詞","固有名詞",1
"2994","じゃんけん","名詞","固有名詞",1
"2998","なんの","名詞","固有名詞",1
"3003","まつエク","名詞","固有名詞",1
"3004","もっこり","名詞","固有名詞",1
"3005","りの","名詞","固有名詞",1
"3011","アバンティーズ","名詞","固有名詞",1
"3017","イマニミテイロ","名詞","固有名詞",1
"3019","ウィル","名詞","固有名詞",1
"3023","カスザメ","名詞","固有名詞",1
"3029","コンクリ","名詞","固有名詞",1
"3032","スティックのり","名詞","固有名詞",1
"3034","スーパーアイドル","名詞","固有名詞",1
"3035","ソロ曲","名詞","固有名詞",1
"3040","テレビ番組","名詞","固有名詞",1
"3043","トトロの森","名詞","固有名詞",1
"3044","トロッコ問題","名詞","固有名詞",1
"3056","ブサイク","名詞","固有名詞",1
"3059","ペアリング","名詞","固有名詞",1
"3062","ポンちゃん","名詞","固有名詞",1
"3071","ラジオ体操","名詞","固有名詞",1
"3072","ランウェイ","名詞","固有名詞",1
"3076","レーザータグ","名詞","固有名詞",1
"3079","三ツ矢","名詞","固有名詞",1
"3082","世紀末","名詞","固有名詞",1
"3083","丞","名詞","固有名詞",1
"3094","六兆年と一夜物語","名詞","固有名詞",1
"3099","北斗の拳","名詞","固有名詞",1
"3102","原哲夫","名詞","固有名詞",1
"3103","反復横跳び","名詞","固有名詞",1
"3106","周杰倫","名詞","固有名詞",1
"3117","孟","名詞","固有名詞",1
"3118","实力","名詞","固有名詞",1
"3119","実写版","名詞","固有名詞",1
"3125","山中慎介","名詞","固有名詞",1
"3129","山手線ゲーム","名詞","固有名詞",1
"3130","工藤新一","名詞","固有名詞",1
"3135","幸太郎","名詞","固有名詞",1
"3136","広辞苑","名詞","固有名詞",1
"3138","忐忑","名詞","固有名詞",1
"3139","总决","名詞","固有名詞",1
"3144","挑粪","名詞","固有名詞",1
"3158","曾","名詞","固有名詞",1
"3168","棋","名詞","固有名詞",1
"3172","次回作","名詞","固有名詞",1
"3177","泰造","名詞","固有名詞",1
"3181","液体窒素","名詞","固有名詞",1
"3192","燃","名詞","固有名詞",1
"3194","爱情","名詞","固有名詞",1
"3197","犬鳴村","名詞","固有名詞",1
"3201","疲労困憊","名詞","固有名詞",1
"3204","盗撮","名詞","固有名詞",1
"3206","示","名詞","固有名詞",1
"3216","等価交換","名詞","固有名詞",1
"3222","編集者","名詞","固有名詞",1
"3226","聖杯","名詞","固有名詞",1
"3229","范丞","名詞","固有名詞",1
"3230","衛宮さんちの今日のごはん","名詞","固有名詞",1
"3235","読書感想文","名詞","固有名詞",1
"3237","负伤","名詞","固有名詞",1
"3242","迪","名詞","固有名詞",1
"3247","金野","名詞","固有名詞",1
"3255","関西コレクション","名詞","固有名詞",1
"3257","除霊","名詞","固有名詞",1
"3260","電撃結婚","名詞","固有名詞",1
"3261","霊媒師","名詞","固有名詞",1
"3262","顺位","名詞","固有名詞",1
"3275","冷酷","名詞","形容動詞語幹",1
"3289","理不尽","名詞","形容動詞語幹",1
"3303","あけ","名詞","接尾",1
"3313","グラム","名詞","接尾",1
"3337","審","名詞","接尾",1
